id,lat,lon
0101.01.116,48.15061959072173,11.56791618325991
0101.01.117,48.15055400334481,11.567874852386467
0101.02.160,48.14991531246571,11.568641260204629
0101.EG.194C,48.15015851153734,11.568716369289548
0104.U1.401A,48.15079846393374,11.568434944334342
0104.U1.403,48.15077574241252,11.568559159267096
0104.U1.403A,48.150757505354676,11.568623823817518
0104.U1.408A,48.15098522134474,11.568568283752711
0104.U1.408B,48.151012771913685,11.568463670538534
0104.U1.408C,48.15096130779165,11.56864415663739
0104.U1.421,48.15089929865698,11.568621333837228
0104.U1.432,48.15082728300803,11.568544211943873
0104.U1.450A,48.150898402837186,11.568532648231638
0106.01.601,48.15038314643567,11.569554247616054
0106.02.632,48.15022948929189,11.569142781513392
0106.03.619,48.14987951445917,11.569120018249748
0106.EG.612,48.15011114014932,11.569205560445468
0201.01.001,48.147784,11.566958
0201.01.002,48.147731,11.567009
0201.01.003,48.147708,11.566995
0201.01.004,48.147678,11.566972
0201.01.005,48.147684,11.566933
0201.01.006,48.147699,11.566878
0201.01.007,48.147712,11.566846
0201.01.008,48.147744,11.56686
0201.01.009,48.147767,11.566878
0201.01.011,48.147748,11.566941
0201.01.012,48.147726,11.566936
0201.01.013,48.147681,11.566899
0201.02.001,48.147784,11.566958
0201.02.002,48.147731,11.567009
0201.02.003,48.147708,11.566995
0201.02.004,48.147678,11.566972
0201.02.005,48.147684,11.566933
0201.02.006,48.147699,11.566878
0201.02.007,48.147712,11.566846
0201.02.008,48.147744,11.56686
0201.02.009,48.147767,11.566878
0201.02.011,48.147748,11.566941
0201.02.013,48.147681,11.566899
0201.03.001,48.147784,11.566958
0201.03.002,48.147715,11.567
0201.03.003,48.147678,11.566972
0201.03.004,48.147684,11.566933
0201.03.005,48.147699,11.566878
0201.03.006,48.147712,11.566846
0201.03.007,48.147739,11.566858
0201.03.008,48.147751,11.566864
0201.03.009,48.147767,11.566878
0201.03.011,48.147748,11.566941
0201.03.012,48.147726,11.566936
0201.03.013,48.147681,11.566899
0201.EG.001,48.147784,11.566958
0201.EG.002,48.147715,11.567
0201.EG.003,48.147678,11.566972
0201.EG.004,48.147684,11.566933
0201.EG.005,48.147699,11.566878
0201.EG.006,48.147712,11.566846
0201.EG.007,48.147744,11.56686
0201.EG.008,48.147767,11.566878
0201.EG.010,48.147748,11.566941
0201.EG.011,48.147726,11.566936
0201.EG.012,48.147681,11.566899
0205.03.302,48.147494785237,11.567622229204972
0206.EG.002,48.14714571500747,11.567278106232608
0206.EG.003,48.14709034738519,11.567336022710748
0206.EG.004,48.14717803893956,11.567057072973626
0305.04.508,48.14609440391391,11.569374210372473
0501.03.152,48.14871430139996,11.567871011718552
0501.EG.194,48.14841567314585,11.567546052963875
0502.Z1.257,48.148129237608345,11.567480302038376
0503.02.345A,48.1483384891566,11.565865189789264
0503.EG.340A,48.14834806409599,11.56617720641921
0503.EG.340B,48.14834806409599,11.56617720641921
0503.U1.310,48.148117832010826,11.566785669142009
0505.02.502,48.149463583541376,11.56654986333001
0505.U1.561,48.15006289679033,11.566986088562317
0507.EG.782,48.14931168118957,11.56863254255302
0509.02.921,48.14875735388313,11.566880300526037
0509.02.922,48.148726940795825,11.567037240238534
0509.02.953A,48.14930262787317,11.566896808473047
0509.Z1.921,48.1487386952626,11.566923686212574
0509.Z1.995,48.14972497055329,11.567161041097489
0597.EG.001,48.1489079,11.5673019
1501.EG.065,48.13678441404801,11.599879943637006
1551.01.051,48.13620389234808,11.59965789617982
1551.EG.002,48.136281202874756,11.599240700344891
1601.EG.005,48.16366924905944,11.593079798399657
1902.EG.013,49.14852,9.21514
1910.EG.050C,49.15120134559197,9.215279246639312
1915.01.101,49.15406181459724,9.216383519913537
1915.01.102,49.1540981457093,9.216325462272067
1915.01.117,49.15428307857579,9.216664262775367
2312.EG.106,48.18107851153192,11.54523868824566
2312.EG.201,48.181137098289014,11.54461037312376
2312.EG.202,48.1815114689108,11.545207147425344
2312.EG.203,48.18153098905418,11.545862007838934
2312.EG.206,48.18142750033971,11.543893969900552
2315.EG.001,48.1806660090127,11.546407218497876
2321.EG.101,48.18018574116152,11.541866713704394
2321.EG.102,48.18013787833786,11.541112887781964
2321.EG.103,48.18114518758915,11.541057868783582
2321.EG.104,48.18106806336252,11.541960216545904
2321.EG.105,48.18224047866866,11.545506336503252
2321.EG.106,48.18399688924495,11.54264260620593
2321.EG.108,48.1840242524149,11.544412981430582
2321.EG.107,48.18403928395145,11.543438769458248
2321.EG.109,48.18417533525263,11.545277334878762
2321.EG.116,48.18242010616717,11.54311893084585
2321.EG.130,48.18086844718087,11.54324532912426
2321.EG.131,48.180872755155235,11.543724681435007
2321.EG.201,48.18229113548156,11.541712969691872
2321.EG.202,48.18227703454758,11.543258405710477
2321.EG.301,48.1797562100287,11.543710909209295
2321.EG.302,48.180253321046735,11.543670945307582
2321.EG.401,48.17890537566771,11.542101156054002
2332.01.223,48.180151231038,11.545888280398486
2332.EG.203,48.17987222864974,11.54586145829444
2333.EG.111,48.179150833647185,11.54570203823772
2334.01.126,48.179357438130495,11.54520412811803
2401.02.201,48.16282356342194,11.5622227478309
2522.03.030,48.13641906661374,11.601746419879248
2803.01.001,48.131604176122124,11.585587760383874
2903.01.155,48.147696627077835,11.562693125878129
2903.02.270,48.1477693298618,11.56275604513374
2903.03.370,48.14782857629541,11.562658465489022
2903.EG.002,48.14800782818159,11.5629103854979
2903.EG.004,48.14783638547189,11.562612539553896
2907.01.130,48.143777402161135,11.558259872800704
2911.01.103,48.14717846411731,11.563121858812682
2911.02.203,48.14717846411731,11.563121858812682
2927.EG.015,48.88481787504881,12.58318467595538
3401.U1.001A,48.14096995291692,11.578012994788025
4102.EG.036,48.395561413789636,11.728015687957155
4124.U1.001,48.39775117574732,11.72472752954934
4124.U1.001A,48.39759192223783,11.724121497669527
4124.U1.104,48.39769995508382,11.72454974697456
4126.01.609B,48.39792,11.725356
4212.EG.259,48.39877915665363,11.726487160269613
4213.01.318,48.39808719258562,11.723354298809666
4213.EG.302,48.3987066806973,11.72346983322015
4213.EG.308,48.39817376631794,11.723215084453216
4214.EG.010,48.399781972425956,11.72388144163159
4214.EG.020,48.39993211254901,11.724012116873325
4214.EG.030,48.39996940257893,11.724423970540784
4217.EG.014,48.39950148501188,11.721287197021129
4217.EG.041,48.399847099036634,11.721734070498826
4218.02.212,48.39977941171915,11.720712219480989
4218.02.214B,48.3998105818435,11.720794198234131
4219.01.015,48.400420225672235,11.720309697947243
4219.01.017,48.400327778222504,11.720497382768684
4219.01.020,48.40025246619942,11.720313987005795
4219.EG.042,48.40024838068251,11.719935529783127
4219.U1.003,48.40050481239357,11.720152788683237
4220.01.109,48.39859048287411,11.722944762004886
4220.01.119,48.398837,11.723082
4220.EG.101,48.398319498270155,11.722944473347413
4220.EG.112,48.39890573658795,11.723094479201166
4234.EG.526,48.40543445335916,11.690294612281406
4277.EG.040,48.40023828367261,11.717038120715003
4277.EG.124,48.40047165213548,11.718012030676192
4277.EG.125,48.40046463002429,11.718017597224986
4277.EG.127,48.40034064552995,11.71789572095986
4277.EG.128,48.400350472721925,11.717966165017202
4277.EG.129,48.40029237833636,11.718278500654804
4304.01.028,48.40395939397399,11.723497935385666
4304.01.039,48.40400871305914,11.722969666423097
4308.EG.112,48.402295362374446,11.72496749201622
4317.EG.003,48.40168,11.723254
5101.EG.250,48.266996092622534,11.675836354009359
5101.U1.172,48.26699321948698,11.676648541975567
5101.U1.182,48.26693616690903,11.676635204896229
5115.EG.001,48.2682912517717,11.676533535511851
5123.EG.019,48.26893477382427,11.67361879534522
5125,48.26931482616613,11.673760277160966
5203.EG.003,48.265112,11.673548
5203.EG.006,48.265163299386955,11.673429787755964
5203.EG.007,48.265063,11.673524
5203.EG.011,48.265024,11.673513
5203.EG.013,48.264988,11.673505
5203.EG.040,48.265237,11.673175
5203.EG.040A,48.265137,11.673156
5203.EG.044,48.265296,11.673188
5203.EG.050,48.265287,11.673253
5203.EG.052,48.265281,11.673325
5203.EG.054,48.265271,11.673392
5203.EG.065,48.265374,11.673145
5203.EG.069,48.265374,11.67321
5203.EG.073,48.265362,11.673269
5203.EG.075,48.26536,11.673325
5204.01.005,48.26469792155848,11.674041725690415
5204.EG.014,48.26477605314486,11.673158929275786
5401.01.101I,48.26848942680596,11.669347067837776
5401.01.101K,48.26835151038014,11.669159710780747
5401.EG.114K,48.26857073909346,11.668783675476334
5402.01.200A,48.26842988210362,11.669598368797551
5402.01.200B,48.26849237071721,11.669619826468505
5402.01.200C,48.268428096713535,11.669823674354802
5402.01.200D,48.26847094605844,11.669853178653796
5402.01.200J,48.26846023372545,11.6696171442602
5402.01.200N,48.2684530921689,11.669611779842086
5402.01.201B,48.268294192280536,11.669764665755224
5402.01.201F,48.268335256343846,11.669587639961208
5402.01.201H,48.26832632937666,11.669770030173368
5402.01.210B,48.268410242809495,11.669845132025785
5402.01.210C,48.26840667202785,11.669874636324806
5402.01.210F,48.26839238889926,11.669922916088069
5402.01.210G,48.26838346194151,11.67002484002964
5402.01.220A,48.26853700539405,11.669662741813653
5402.01.220J,48.26856381110494,11.669667664979613
5402.01.221A,48.26860485002831,11.6698504964439
5402.01.221K,48.268668,11.669672
5402.01.240A,48.268322758589164,11.669568864498501
5402.01.240B,48.26830133385931,11.669775394591483
5402.01.240C,48.268245986598714,11.669550089034232
5402.01.240D,48.26822277643939,11.669740525874374
5402.02.210J,48.26834548962435,11.670061998309478
5402.05.210B,48.26843523827358,11.669914869460058
5402.05.230A,48.26839908361788,11.66958104237736
5402.05.240B,48.26836340194538,11.66961386440812
5402.05.240C,48.26829123527892,11.66973432754807
5402.05.240D,48.26827534699305,11.669589175880105
5402.05.240E,48.26816845308474,11.669727934385804
5402.05.240F,48.268225549760956,11.669568870339305
5402.EG.230D,48.268303234884115,11.669377036801848
5402.EG.240A,48.268307850877505,11.669562987904897
5402.EG.240J,48.26817627656379,11.669536970843978
5403.01.300A,48.26836561802591,11.670383475764453
5403.01.300B,48.26836383263358,11.670375429136442
5403.01.300C,48.26838525733723,11.670378111346338
5403.01.300D,48.268379901162035,11.670383475764453
5403.01.300G,48.26839061351106,11.67060609911033
5403.01.310A,48.26832633938022,11.6706248745746
5403.01.310D,48.26830670004631,11.670694612008873
5403.01.310E,48.26830670004631,11.67074825619028
5403.01.320A,48.268419179766596,11.670598052485445
5403.01.320B,48.26846202911847,11.670611463530008
5403.01.320E,48.26856022541466,11.670643650038869
5403.01.320H,48.268449531394225,11.670404933435464
5403.01.320J,48.268478097616054,11.670429073316342
5403.01.321A,48.26849952227175,11.670434437734457
5403.01.321B,48.26859057695907,11.670445166570715
5403.01.330B,48.26835133488535,11.670345924837477
5403.01.330C,48.26836270157156,11.670194856446926
5403.01.340A,48.26823706961946,11.670375429136442
5403.01.340B,48.26822278644346,11.670345924837477
5403.01.340C,48.26815137050198,11.670311056120369
5403.01.340H,48.26820493246717,11.67052026842319
5403.01.340J,48.26817815149161,11.670517586214885
5403.01.341A,48.26808173986353,11.670471988661461
5403.02.300G,48.2683245539865,11.670603416903589
5403.02.320D,48.26852629019359,11.670645874639092
5403.02.331A,48.26835490566623,11.670135371423697
5403.04.320B,48.26849281301688,11.670647771781177
5403.04.320D,48.268511,11.67064
5403.04.330A,48.26837836065016,11.670272678018506
5403.04.330F,48.268319197805454,11.670249365312486
5403.05.210M,48.26836383263358,11.670329831583075
5403.05.211E,48.26827991912404,11.670324467164932
5403.05.300A,48.268287060704836,11.67040761564536
5403.05.300B,48.26824421120622,11.6704398021526
5403.05.300C,48.26823349882568,11.670463942035013
5403.05.300H,48.26823171342872,11.670447848780611
5403.05.300I,48.2682281426346,11.670431755526153
5403.05.321D,48.268623489967126,11.670551510742513
5403.05.340A,48.26824421120622,11.670343242629144
5403.05.340C,48.26818350768795,11.670321784956627
5403.05.340D,48.26813173110082,11.670294962865881
5403.05.340E,48.26813708730205,11.670308373912036
5403.05.340F,48.2680942376777,11.670281551821375
5403.05.340G,48.2680549588234,11.670289598447738
5403.05.340H,48.2682210010461,11.670447848780611
5403.05.341B,48.26818172228923,11.670415662271722
5403.05.341D,48.26814958510215,11.670418344481618
5403.05.341E,48.26812101869726,11.670434437734457
5403.05.341K,48.268210288660725,11.670426391108066
5403.05.342B,48.26821746580225,11.670535960337304
5403.05.342C,48.268203147069215,11.670547090513878
5403.05.342D,48.26815942917668,11.670519039803565
5403.05.342E,48.26811387709327,11.670501492960483
5403.05.342F,48.26810316468544,11.67051222179677
5403.05.342H,48.26803353398131,11.670493446334035
5403.05.342K,48.26803818008128,11.670406886136306
5406.01.600A,48.26921293888188,11.669241820844007
5406.01.600B,48.269201954168636,11.669233273321169
5406.01.600C,48.269201954168636,11.66924934590898
5406.01.600D,48.269200128083355,11.669259969102313
5406.01.600E,48.26920378159437,11.66924139466289
5406.01.600G,48.26925549978759,11.669262754652152
5406.01.610A,48.26919830333702,11.669321443713443
5406.01.620A,48.26928931815692,11.6692971651689
5406.01.620B,48.26935015793015,11.669266883199612
5406.01.620G,48.26944931279033,11.66930624693913
5406.01.620H,48.26947526067778,11.66931560686362
5406.01.620J,48.26931784928368,11.669082236167753
5406.01.621B,48.26937980274704,11.669085893954218
5406.01.621E,48.26948988067238,11.669115859469997
5406.01.621F,48.26949806994122,11.669135891303313
5406.01.621K,48.26934863881769,11.669079917478996
5406.01.630A,48.26923135484242,11.6689813033544
5406.01.630E,48.26925130218686,11.668830792186185
5406.01.640A,48.269100286636814,11.669024030731919
5406.01.640D,48.269003748159435,11.668959440082688
5406.01.640E,48.26897695182993,11.668982740569987
5406.01.640G,48.26892750992357,11.668955177739235
5406.01.641A,48.26895840682346,11.668970337307371
5406.01.641K,48.26909836056967,11.669103500701596
5406.01.650A,48.26875965313994,11.669309544668579
5406.01.650B,48.268756715236606,11.669349579898977
5406.01.650C,48.268761,11.669356
5406.01.650D,48.26873315535218,11.669482661360519
5406.01.650E,48.26888103657734,11.66942716826452
5406.01.650F,48.26889502389244,11.669499099622897
5406.01.650G,48.2688735994025,11.669464230905731
5406.01.650J,48.26885851403031,11.669335568150444
5406.01.651K,48.268882566507074,11.669398054154385
5406.02.610A,48.26917963020463,11.66927280338524
5406.02.620A,48.26934866524107,11.669286998508937
5406.02.620C,48.26939136420282,11.66931178512047
5406.02.622K,48.26945203876784,11.66922030873991
5406.02.630A,48.26928979072119,11.6690218337815
5406.02.630F,48.26919701953619,11.669004111718664
5406.03.621D,48.26948134367669,11.66919747401289
5406.03.630F,48.26919869767215,11.668995518715917
5406.04.610F,48.269116409763456,11.669429764521794
5406.04.621K,48.26948149111374,11.6692191821339
5406.04.630F,48.26922507083859,11.66897000462535
5406.EG.630G,48.2692543837567,11.668879706093918
5407.01.700A,48.26913292663241,11.669759505691133
5407.01.700B,48.26912927043384,11.669754188488696
5407.01.700D,48.26917047501601,11.669961020175663
5407.01.700H,48.269160520227075,11.66975650576407
5407.01.700I,48.26915313209645,11.669778124052613
5407.01.701I,48.26905017001749,11.669752509855869
5407.01.710A,48.26910021288282,11.670076779057638
5407.01.710C,48.26915128846707,11.669778137443785
5407.01.720A,48.269243253642344,11.67001037724279
5407.01.720D,48.26930711926519,11.670010059676002
5407.01.720F,48.26938671269147,11.67004125156268
5407.01.720H,48.26935047919963,11.669838765236506
5407.01.721E,48.26922042022562,11.669777635306502
5407.01.721F,48.26923371477247,11.669758394025052
5407.01.721H,48.2691833422397,11.66979369171193
5407.01.721I,48.269229909221224,11.669818560060833
5407.01.730A,48.269156823436106,11.669578771648645
5407.01.740A,48.26902313511209,11.669632120622083
5407.01.740B,48.26888,11.669705
5407.01.740D,48.26894390021258,11.669748125887821
5407.01.741A,48.26880799681001,11.669741819915032
5407.01.760D,48.269426,11.669553
5407.02.700D,48.26913854288483,11.670018024540525
5407.02.710B,48.269078009853246,11.669975155830059
5407.02.710C,48.26906199842108,11.670049175684284
5407.02.710D,48.26905898464781,11.67012322362666
5407.02.710E,48.26912381057946,11.670036782638476
5407.02.710F,48.269146667903044,11.670097509675259
5407.02.710G,48.269127404847296,11.670124845205692
5407.02.710H,48.269121501449206,11.670203938361539
5410.01.020,48.269016280618416,11.670606318420738
5414.EG.001,48.267487,11.66834
5414.EG.003,48.26748730805014,11.668340402841157
5433.02.001,48.26783022328533,11.665689050353222
5501.01.128,48.265118,11.670095
5501.01.129,48.26515677926386,11.670086052585958
5501.01.134,48.26553454715366,11.67004370643869
5501.01.150,48.265516,11.669873
5501.02.114,48.264875150168905,11.670257658651453
5501.02.133,48.26523303707148,11.67007919287866
5501.02.150,48.265516,11.669873
5501.03.102,48.26547083811852,11.670403989574822
5501.03.104M,48.265376950431744,11.670214721492613
5501.03.105,48.26530772189278,11.670358866117027
5501.03.126,48.26510198320116,11.670153030685526
5501.EG.101,48.265519199524704,11.67041104571183
5501.EG.102,48.265413,11.670381
5501.EG.102A,48.26537,11.670371
5501.EG.102M,48.265431,11.67029
5501.EG.102N,48.265433,11.670266
5501.EG.102O,48.265383,11.670277
5501.EG.102P,48.265383,11.670255
5501.EG.102Q,48.265406,11.670285
5501.EG.103,48.265331,11.67036
5501.EG.103M,48.265433,11.670237
5501.EG.103N,48.265383,11.670234
5501.EG.104,48.265277,11.670344
5501.EG.104A,48.26524,11.670338
5501.EG.105,48.265199,11.670325
5501.EG.105M,48.265281,11.670196
5501.EG.106,48.26516,11.670314
5501.EG.106M,48.265163,11.670188
5501.EG.107,48.265127,11.670304
5501.EG.107M,48.265119,11.670186
5501.EG.108,48.265077,11.670293
5501.EG.108M,48.265085,11.670186
5501.EG.109,48.265026,11.670277
5501.EG.110,48.264986,11.670269
5501.EG.125,48.265006,11.6701
5501.EG.126,48.265049,11.670092
5501.EG.127,48.265092,11.670086
5501.EG.128,48.265135,11.670078
5501.EG.129,48.265179,11.670073
5501.EG.130,48.265222,11.670068
5501.EG.130N,48.265317,11.670196
5501.EG.131,48.265261,11.670062
5501.EG.132,48.265295,11.670057
5501.EG.133,48.265327,11.670054
5501.EG.134,48.265359,11.670049
5501.EG.135,48.265392,11.670044
5501.EG.136,48.265429,11.670038
5501.EG.137,48.265518,11.670044
5501.EG.150,48.265516,11.669873
5501.EG.151,48.265586,11.669869
5501.EG.161,48.26489241250152,11.670030219717605
5501.EG.162,48.26489985059894,11.669985446003151
5501.EG.198A,48.265557768935395,11.670427725386986
5501.EG.198C,48.265408,11.670234
5501.EG.199A,48.265546402172376,11.670227349073699
5501.EG.199D,48.265409,11.670162
5501.EG.199N,48.265515,11.669977
5501.EG.199S,48.265539,11.669778
5502.01.206,48.26595790817433,11.669751341915628
5502.01.237,48.265877484634245,11.670006584056466
5502.01.250,48.265752,11.669468
5502.01.264,48.266231474390054,11.670187964394556
5502.02.201,48.26578496768079,11.669702507385807
5502.02.235,48.265763,11.670004
5502.02.250,48.265752,11.669468
5502.03.237,48.2657558206034,11.670003667884744
5502.EG.201,48.265767,11.669691
5502.EG.202,48.265804,11.669685
5502.EG.203,48.265831,11.669691
5502.EG.203M,48.265849,11.669837
5502.EG.203N,48.265899,11.669841
5502.EG.203P,48.265899,11.669833
5502.EG.203Q,48.265847,11.669817
5502.EG.204,48.265863,11.669696
5502.EG.205,48.265895,11.669706
5502.EG.206,48.265929,11.669731
5502.EG.207,48.265963,11.669742
5502.EG.208,48.265998,11.669749
5502.EG.208M,48.265991,11.669857
5502.EG.209,48.266045,11.66976
5502.EG.209M,48.266045,11.669881
5502.EG.210,48.266084,11.669774
5502.EG.210M,48.266068,11.669881
5502.EG.211,48.266139,11.669784
5502.EG.225,48.266148,11.669967
5502.EG.226,48.266109,11.669972
5502.EG.227,48.266079,11.669975
5502.EG.228,48.266047,11.669983
5502.EG.228M,48.266018,11.669902
5502.EG.228N,48.266023,11.669862
5502.EG.229,48.266007,11.669985
5502.EG.229N,48.265986,11.669902
5502.EG.230,48.265968,11.669994
5502.EG.231,48.265934,11.669999
5502.EG.232,48.265897,11.670004
5502.EG.233,48.265852,11.67001
5502.EG.234,48.265763,11.670004
5502.EG.250,48.265752,11.669468
5502.EG.250A,48.265793,11.669492
5502.EG.250B,48.265798,11.669442
5502.EG.298C,48.265874,11.669833
5502.EG.299D,48.265872,11.66991
5502.EG.299E,48.265707,11.669937
5502.U1.234M,48.26588647102977,11.669872327213966
5503.01.301,48.265528828090766,11.669595430782095
5503.01.304,48.26535212984635,11.669535964845494
5503.01.350,48.265552,11.669118
5503.02.350,48.265552,11.669118
5503.EG.301A,48.265566,11.669597
5503.EG.301B,48.265561,11.669638
5503.EG.301C,48.26553,11.669651
5503.EG.301D,48.265502,11.669616
5503.EG.301E,48.265502,11.669592
5503.EG.301F,48.265602,11.66964
5503.EG.302,48.265436,11.6696
5503.EG.302M,48.265432,11.669498
5503.EG.303,48.265361,11.669579
5503.EG.303N,48.265355,11.669483
5503.EG.303O,48.265348,11.669455
5503.EG.303P,48.265354,11.669412
5503.EG.303Q,48.265409,11.669471
5503.EG.303R,48.265411,11.669447
5503.EG.303S,48.265459,11.66945
5503.EG.303T,48.265459,11.669479
5503.EG.304,48.265296,11.669565
5503.EG.304M,48.265342,11.669481
5503.EG.304N,48.265305,11.669423
5503.EG.305,48.265196,11.669541
5503.EG.305M,48.265252,11.66942
5503.EG.306,48.265097,11.669511
5503.EG.306M,48.265207,11.669418
5503.EG.306N,48.265173,11.669418
5503.EG.325,48.2651,11.669332
5503.EG.326,48.265145,11.669327
5503.EG.327,48.265177,11.669321
5503.EG.328,48.265209,11.669319
5503.EG.329,48.265241,11.66931
5503.EG.330,48.265275,11.669305
5503.EG.331,48.265309,11.669302
5503.EG.332,48.265339,11.669297
5503.EG.333,48.265368,11.669294
5503.EG.334,48.265389,11.669289
5503.EG.335,48.265418,11.669286
5503.EG.336,48.265455,11.669281
5503.EG.337,48.265539,11.669283
5503.EG.350,48.265552,11.669118
5503.EG.398C,48.265434,11.669447
5503.EG.399D,48.265436,11.66938
5503.EG.399N,48.265536,11.669219
5504.01.404M,48.26598260651417,11.669126728211836
5504.01.442,48.26574813661671,11.669270916510811
5504.01.450,48.265806,11.668689
5504.02.401,48.26576544434431,11.6689044159707
5504.02.407,48.265955329368126,11.668989160620924
5504.02.408,48.266007661817355,11.668973503385246
5504.02.413,48.26635218018001,11.669071330623352
5504.02.450,48.265806,11.668689
5504.02.452,48.26581307886647,11.668800322561452
5504.03.414,48.26620749818253,11.669035755808352
5504.EG.401A,48.26577,11.668931
5504.EG.401B,48.265799,11.668877
5504.EG.401C,48.265822,11.668939
5504.EG.401D,48.26583,11.668917
5504.EG.401E,48.265765,11.668899
5504.EG.402,48.265917,11.668935
5504.EG.402M,48.265897,11.66903
5504.EG.403,48.266059,11.668977
5504.EG.403M,48.265873,11.669067
5504.EG.403N,48.265923,11.669081
5504.EG.403O,48.266038,11.66907
5504.EG.403P,48.265875,11.669049
5504.EG.403Q,48.26592,11.669059
5504.EG.403S,48.266005,11.669065
5504.EG.403T,48.266022,11.66907
5504.EG.404,48.266195,11.669006
5504.EG.425,48.266238,11.669199
5504.EG.426,48.266206,11.669204
5504.EG.427,48.266179,11.669207
5504.EG.427M,48.266159,11.669115
5504.EG.428,48.266145,11.669212
5504.EG.429,48.266109,11.669218
5504.EG.430,48.266077,11.669223
5504.EG.430M,48.266042,11.669126
5504.EG.431,48.266046,11.669226
5504.EG.432,48.26602,11.66923
5504.EG.433,48.265992,11.669234
5504.EG.434,48.265959,11.669239
5504.EG.435,48.265919,11.669246
5504.EG.436,48.265884,11.66925
5504.EG.437,48.265851,11.669255
5504.EG.438,48.265809,11.66926
5504.EG.439,48.265763,11.66927
5504.EG.450,48.265806,11.668689
5504.EG.498C,48.265897,11.669078
5504.EG.499D,48.265895,11.66915
5504.EG.499E,48.265728,11.66918
5504.EG.499K,48.265796,11.668928
5504.EG.499N,48.265801,11.668842
5504.EG.499Q,48.265816,11.668557
5504.U1.450,48.26581333113381,11.668713303231527
5505.01.501,48.26555143737818,11.66884114191862
5505.01.550,48.265562,11.668332
5505.02.501,48.26555325214787,11.668828919934557
5505.02.507M,48.265356506138744,11.66866907524306
5505.02.536,48.26550126779813,11.668530936410493
5505.02.537,48.26558746681851,11.668537808640082
5505.02.550,48.265562,11.668332
5505.03.502,48.2655716273413,11.6688568795758
5505.03.533,48.2655693848308,11.668540441521143
5505.EG.501,48.265553,11.668838
5505.EG.501A,48.265621,11.668857
5505.EG.502,48.265498,11.668844
5505.EG.503,48.265466,11.668833
5505.EG.503M,48.265483,11.668691
5505.EG.503N,48.265433,11.668691
5505.EG.503P,48.265483,11.668707
5505.EG.503Q,48.265433,11.668701
5505.EG.504,48.265433,11.668825
5505.EG.505A,48.265385,11.668795
5505.EG.505M,48.26538,11.668659
5505.EG.506,48.265339,11.668782
5505.EG.506M,48.265314,11.668637
5505.EG.507,48.265307,11.668771
5505.EG.508,48.265278,11.668768
5505.EG.509,48.265251,11.668763
5505.EG.509M,48.265264,11.668648
5505.EG.510,48.265194,11.66875
5505.EG.525,48.265187,11.668567
5505.EG.526,48.265219,11.668562
5505.EG.527,48.265246,11.668559
5505.EG.528,48.265278,11.668554
5505.EG.529A,48.26531,11.668551
5505.EG.530,48.265385,11.668538
5505.EG.531,48.265435,11.66853
5505.EG.532,48.265478,11.668525
5505.EG.533A,48.265562,11.66853
5505.EG.550,48.265562,11.668332
5505.EG.550A,48.265626,11.668299
5505.EG.598C,48.265457,11.668691
5505.EG.599E,48.26546,11.668624
5505.EG.599N,48.265562,11.668463
5505.U1.550,48.26556695497064,11.668336395618496
5506.01.627,48.26631537847999,11.668453354663257
5506.01.628,48.26626184691719,11.66844799348732
5506.01.629,48.26616497790749,11.668450912717418
5506.01.639,48.265922944165766,11.668488192689779
5506.01.676A,48.26648532486605,11.668102868852557
5506.01.676B,48.26649691644238,11.668099763739376
5506.02.608,48.266047253032895,11.668210964702295
5506.02.621,48.266456734115536,11.668302140776689
5506.03.618,48.266430538130976,11.668311542516562
5506.03.638,48.265959451119954,11.66849133478891
5506.03.643,48.26590823389347,11.66844192978428
5506.EG.601,48.26583,11.668129
5506.EG.601A,48.265773,11.66811
5506.EG.602,48.265874,11.66812
5506.EG.603,48.265915,11.668132
5506.EG.603M,48.265896,11.668294
5506.EG.603N,48.265946,11.668296
5506.EG.603O,48.265945,11.668273
5506.EG.603P,48.265895,11.668269
5506.EG.604,48.265947,11.668142
5506.EG.605,48.265994,11.668169
5506.EG.606,48.266051,11.668185
5506.EG.606M,48.266037,11.668332
5506.EG.607,48.266094,11.668196
5506.EG.608,48.266129,11.668206
5506.EG.608M,48.26611,11.66834
5506.EG.609,48.266165,11.668214
5506.EG.610,48.26621,11.668228
5506.EG.611,48.266252,11.668238
5506.EG.611M,48.266246,11.668346
5506.EG.612,48.266295,11.668246
5506.EG.613,48.26634,11.66826
5506.EG.625,48.266326,11.668429
5506.EG.626,48.266286,11.668434
5506.EG.627,48.266244,11.668439
5506.EG.628,48.266201,11.668445
5506.EG.628M,48.266201,11.668346
5506.EG.629,48.266167,11.66845
5506.EG.630,48.266135,11.668458
5506.EG.631,48.266094,11.668464
5506.EG.632,48.266042,11.668472
5506.EG.633,48.265992,11.668477
5506.EG.634,48.265946,11.668485
5506.EG.635,48.265887,11.668496
5506.EG.636,48.265806,11.668491
5506.EG.690C,48.266833,11.668417
5506.EG.698C,48.26592,11.668298
5506.EG.699D,48.265921,11.668391
5506.U1.628,48.266234704119825,11.668456238934652
5506.U1.632,48.26591472576206,11.668499226160437
5507.01.701,48.2656378468497,11.668068239879801
5507.01.726,48.2652619217254,11.667819241833795
5507.02.701M,48.26539361060878,11.668355427101687
5507.02.705,48.265410667435305,11.668030947002137
5507.EG.701A,48.265634,11.66804
5507.EG.701C,48.265601,11.668084
5507.EG.701D,48.265571,11.668055
5507.EG.701E,48.265574,11.668034
5507.EG.702,48.265524,11.668046
5507.EG.703,48.265475,11.668032
5507.EG.703M,48.265572,11.668034
5507.EG.703P,48.265632,11.668073
5507.EG.703Q,48.265572,11.668054
5507.EG.704,48.265419,11.668019
5507.EG.704M,48.265462,11.667889
5507.EG.704N,48.265419,11.667888
5507.EG.705,48.265367,11.668003
5507.EG.705M,48.26538,11.667885
5507.EG.706,48.265314,11.66799
5507.EG.706M,48.265353,11.667883
5507.EG.707,48.265262,11.667976
5507.EG.725,48.265269,11.667805
5507.EG.726,48.265301,11.667799
5507.EG.727,48.265333,11.667794
5507.EG.728,48.265365,11.66779
5507.EG.729,48.265398,11.667784
5507.EG.730,48.265429,11.667779
5507.EG.731,48.265463,11.667774
5507.EG.732,48.265498,11.667769
5507.EG.733,48.26553,11.667766
5507.EG.734,48.265564,11.667759
5507.EG.735,48.265596,11.667751
5507.EG.736,48.26563,11.667766
5507.EG.798C,48.265547,11.667927
5507.EG.799B,48.265607,11.66804
5507.EG.799D,48.26555,11.667859
5508.02.801,48.265856,11.66778
5508.EG.802,48.265761,11.667914
5508.EG.803,48.265784,11.667902
5508.EG.805,48.265829,11.667904
5508.EG.806,48.265854,11.667894
5508.EG.807,48.265879,11.667879
5508.EG.808,48.265906,11.667831
5508.EG.899A,48.265678,11.667768
5508.EG.899B,48.265773,11.667895
5510.01.010,48.265724753738795,11.670507197989965
5510.01.014N,48.26590928681719,11.670618117486695
5510.01.050,48.265752,11.67019
5510.02.001,48.265424,11.670841
5510.02.010,48.26574314880531,11.670595144914216
5510.02.050,48.265752,11.67019
5510.03.014,48.26602787559914,11.670729905747669
5510.EG.001,48.265424,11.670841
5510.EG.001M,48.265558,11.670974
5510.EG.002,48.265407,11.671126
5510.EG.003,48.265362,11.671112
5510.EG.003M,48.265368,11.67101
5510.EG.004,48.265331,11.671092
5510.EG.005,48.265309,11.671071
5510.EG.005M,48.265348,11.67099
5510.EG.006,48.265285,11.671032
5510.EG.006M,48.265334,11.670966
5510.EG.007,48.265266,11.670994
5510.EG.007M,48.265313,11.670935
5510.EG.008,48.26525,11.670959
5510.EG.009M,48.26533,11.670658
5510.EG.010,48.265714,11.670438
5510.EG.011,48.265759,11.67046
5510.EG.011A,48.2658,11.67047
5510.EG.011M,48.265819,11.670572
5510.EG.012,48.265845,11.670481
5510.EG.012M,48.265844,11.670578
5510.EG.012N,48.265873,11.670586
5510.EG.013,48.265919,11.670502
5510.EG.014,48.265943,11.67051
5510.EG.014M,48.2659,11.670578
5510.EG.014N,48.265918,11.670604
5510.EG.015,48.265968,11.670516
5510.EG.016,48.266002,11.670524
5510.EG.017,48.266037,11.670532
5510.EG.018,48.266076,11.670543
5510.EG.018M,48.266055,11.670634
5510.EG.018N,48.266073,11.670631
5510.EG.025,48.266203,11.670703
5510.EG.026A,48.266166,11.670754
5510.EG.026B,48.266116,11.670779
5510.EG.026C,48.266101,11.67073
5510.EG.026M,48.266139,11.670653
5510.EG.026N,48.266096,11.670647
5510.EG.027,48.266032,11.670779
5510.EG.028,48.265939,11.6708
5510.EG.028N,48.265914,11.670631
5510.EG.028O,48.265894,11.670647
5510.EG.029,48.265844,11.670803
5510.EG.029M,48.265862,11.670639
5510.EG.029N,48.265825,11.670631
5510.EG.050,48.265752,11.67019
5510.EG.050A,48.265705,11.670249
5510.EG.098C,48.265226,11.67087
5510.EG.098K,48.266005,11.670634
5510.EG.099A,48.265716360496356,11.670690955630619
5510.EG.099B,48.265644,11.670794
5510.EG.099D,48.265236,11.6708
5510.EG.099G,48.265479,11.671119
5510.EG.099L,48.265702,11.670795
5510.EG.099N,48.265951,11.67062
5510.EG.099Q,48.265763,11.670075
5515.EG.004,48.26606939057177,11.667424458837049
5530.EG.003,48.26635049573528,11.67106307417356
5532.01.101,48.266787,11.670086
5532.01.102,48.2668,11.669991
5532.01.103,48.266806,11.66994
5532.01.104,48.266812,11.66989
5532.01.105,48.266888,11.669914
5532.01.106,48.266882,11.669962
5532.01.107,48.266877,11.670011
5532.01.108,48.266866,11.670082
5532.01.110,48.266849,11.670142
5532.01.111,48.266852,11.670169
5532.01.112,48.26685,11.670233
5532.01.113,48.266803,11.670323
5532.01.171,48.266805,11.67024
5532.01.172,48.266828,11.670056
5532.01.191,48.266776,11.670183
5532.02.201,48.266787,11.670087
5532.02.202,48.2668,11.669991
5532.02.203,48.266806,11.669941
5532.02.204,48.266812,11.66989
5532.02.205,48.266888,11.669914
5532.02.206,48.266882,11.669963
5532.02.207,48.266877,11.670011
5532.02.208,48.266867,11.670082
5532.02.210,48.266849,11.670142
5532.02.211,48.266851,11.67017
5532.02.212,48.266849,11.670232
5532.02.213,48.2668,11.670323
5532.02.271,48.266805,11.67024
5532.02.272,48.266828,11.670056
5532.02.291,48.266775,11.670182
5532.03.301,48.266781,11.670137
5532.03.302,48.26682,11.670068
5532.03.303,48.266847,11.670142
5532.03.304,48.266843,11.670166
5532.03.305,48.266835,11.670228
5532.03.371,48.266804,11.670238
5532.03.391,48.266776,11.670182
5532.03.398,48.266846,11.669947
5532.EG.001,48.266827,11.6701
5532.EG.002,48.266849,11.669955
5532.EG.003,48.266803,11.670323
5532.EG.071,48.266822,11.670229
5532.EG.072,48.26686,11.670248
5532.EG.091,48.266777,11.670183
5532.Z1.001,48.266873,11.670109
5532.Z1.002,48.266858,11.670234
5532.Z1.003,48.266844,11.670335
5532.Z1.071,48.266811,11.670224
5532.Z1.091,48.266777,11.670183
5539.EG.001A,48.2661478033014,11.671248359123808
5539.EG.001B,48.26655297572324,11.67134595733266
5539.EG.002,48.26655297572324,11.67134595733266
5601.EG.009,48.26251636242009,11.668781337250067
5605.EG.030,48.26264435220662,11.668583259481295
5607.03.036,48.262811127368934,11.668202566290006
5608.EG.150,48.262263704348356,11.66808379149225
5612.02.020,48.26247358907668,11.66766045985213
5612.03.020,48.262462963337754,11.66763534885277
5701.01.033,48.26397724426496,11.67025097622124
5701.01.206,48.26421115020236,11.66916736377695
5701.01.211,48.26411717138859,11.669037991720842
5701.EG.026,48.26395492494109,11.670307302608705
5901.01.053,48.26556668446841,11.66287020391212
5901.02.021,48.26552214705555,11.662523966535588
5901.03.013,48.26555183077511,11.66286923794621
5901.03.049,48.2653207563846,11.662517084658276
5901.EG.049,48.26585487561658,11.662937893567005
7894.01.103,48.270417206817,11.6656635048449
7894.EG.302,48.27007631164855,11.665977917615502
8102.EG.127,48.24970373098864,11.634423875733518
8104.EG.016,48.25207390588142,11.604677347212998
8120.01.101,48.265464,11.672389
8120.EG.001,48.265537,11.672188
8120.EG.002,48.265515,11.672491
8120.EG.003,48.265453,11.672464
8120.EG.005,48.265416,11.672168
8120.EG.006,48.265369,11.67244
8120.EG.007,48.265184,11.672441
8120.EG.070,48.26528,11.672263
8123.05.004,48.26614671840221,11.672370548781345
9377.01.131,48.05478090793966,11.653072601925942
9377.EG.012,48.05453,11.65308
9377.EG.030,48.054680599210656,11.652801050263037
9377.EG.043,48.0548148150709,11.652837939932027
9379.01.117,48.05486074969525,11.65516873951259
9379.02.222,48.05486125556257,11.65521736938095
9387.EG.008,48.04898055673718,11.656928499352375
9387.EG.009,48.04882053036104,11.657187125164144
9387.EG.010,48.04857238301338,11.657252089750386
9387.EG.011,48.04840546036991,11.657364768562983
9387.EG.012,48.0481309335575,11.657561500664317
parabelrutsche,48.26254,11.66796
validierungsautomat-1,48.267097,11.675607
validierungsautomat-11,48.26845,11.669331
validierungsautomat-2,48.265594,11.670028
validierungsautomat-4,48.148714,11.568041
validierungsautomat-5,48.262303,11.66861
validierungsautomat-7,48.262297,11.668607
validierungsautomat-8,48.265594,11.670048
validierungsautomat-9,48.148914,11.568179
