id,desc,height,width,scale,latlonbox_north,latlonbox_south,latlonbox_east,latlonbox_west,latlonbox_rotation,file,source
rf10,Lageplan TUM,951,657,5000,48.1524440049,48.1407031925,11.5720980987,11.5601495784,2.93098878501e-14,rf10.webp,Roomfinder
rf100,FMI Garching BT04 1.OG,605,295,500,48.2623922745,48.2616521234,11.6692351229,11.6687007967,-15.7610714436,rf100.webp,Roomfinder
rf101,FMI Garching BT05 1.OG,605,295,500,48.263223499,48.2624848036,11.6688626768,11.668328636,-10.3610203266,rf101.webp,Roomfinder
rf102,FMI Garching BT06 1.OG,605,295,500,48.2624491279,48.2617089752,11.6689180365,11.6683837143,-15.7610714436,rf102.webp,Roomfinder
rf103,FMI Garching BT07 1.OG,605,295,500,48.2632793351,48.2625406375,11.668395612,11.6678615773,-10.3610203266,rf103.webp,Roomfinder
rf104,FMI Garching BT08 1.OG,605,295,500,48.2625262025,48.2617861816,11.6685017928,11.6679682931,-15.7610714436,rf104.webp,Roomfinder
rf105,FMI Garching BT09 1.OG,605,295,500,48.2633349857,48.262596204,11.6679386367,11.6674037751,-10.3610203266,rf105.webp,Roomfinder
rf106,FMI Garching BT10 1.OG,605,295,500,48.2626084903,48.2618684672,11.6680580096,11.6675245154,-15.7610714436,rf106.webp,Roomfinder
rf107,FMI Garching BT11 1.OG,605,295,500,48.2633791832,48.2626404816,11.6675829898,11.6670489655,-10.3610203266,rf107.webp,Roomfinder
rf108,FMI Garching BT12 1.OG,605,295,500,48.2626855408,48.2619455157,11.6676459574,11.6671124682,-15.7610714436,rf108.webp,Roomfinder
rf109,FMI Garching BT13 1.OG,605,295,500,48.263419054,48.2626803506,11.6672220567,11.6666880371,-10.3610203266,rf109.webp,Roomfinder
rf110,FMI Garching Magistrale EG,148,650,1000,48.2626794494,48.2623105611,11.669261568,11.6668942875,-10.3610203266,rf110.webp,Roomfinder
rf112,FMI Garching BT04 2.OG,605,295,500,48.2623922745,48.2616521234,11.6692351229,11.6687007967,-15.7610714436,rf112.webp,Roomfinder
rf113,FMI Garching BT04 3.OG,605,295,500,48.2623922745,48.2616521234,11.6692351229,11.6687007967,-15.7610714436,rf113.webp,Roomfinder
rf114,FMI Garching BT04 4.OG,605,295,500,48.2623922745,48.2616521234,11.6692351229,11.6687007967,-15.7610714436,rf114.webp,Roomfinder
rf115,FMI Garching BT05 2.OG,605,295,500,48.263223499,48.2624848036,11.6688626768,11.668328636,-10.3610203266,rf115.webp,Roomfinder
rf116,FMI Garching BT05 3.OG,605,295,500,48.263223499,48.2624848036,11.6688626768,11.668328636,-10.3610203266,rf116.webp,Roomfinder
rf117,FMI Garching BT05 4.OG,605,295,500,48.2632398515,48.2625011555,11.6687397185,11.6682056793,-10.3610203266,rf117.webp,Roomfinder
rf118,FMI Garching BT06 2.OG,605,295,500,48.2624491279,48.2617089752,11.6689180365,11.6683837143,-15.7610714436,rf118.webp,Roomfinder
rf119,FMI Garching BT06 3.OG,605,295,500,48.2624491279,48.2617089752,11.6689180365,11.6683837143,-15.7610714436,rf119.webp,Roomfinder
rf12,Stammgelände Basiskarte,484,501,4000,48.1513605477,48.1464320713,11.5716665221,11.5641018846,-23.4999992847,rf12.webp,Roomfinder
rf120,FMI Garching BT06 4.OG,605,295,500,48.2624800354,48.261739882,11.6687495155,11.6682151953,-15.7610714436,rf120.webp,Roomfinder
rf121,FMI Garching BT07 2.OG,605,295,500,48.2632793351,48.2625406375,11.668395612,11.6678615773,-10.3610203266,rf121.webp,Roomfinder
rf122,FMI Garching BT07 3.OG,605,295,500,48.2632793351,48.2625406375,11.668395612,11.6678615773,-10.3610203266,rf122.webp,Roomfinder
rf123,FMI Garching BT07 4.OG,605,295,500,48.2632793351,48.2625406375,11.668395612,11.6678615773,-10.3610203266,rf123.webp,Roomfinder
rf124,FMI Garching BT08 2.OG,605,295,500,48.2625262025,48.2617861816,11.6685017928,11.6679682931,-15.7610714436,rf124.webp,Roomfinder
rf125,FMI Garching BT08 3.OG,605,295,500,48.2625262025,48.2617861816,11.6685017928,11.6679682931,-15.7610714436,rf125.webp,Roomfinder
rf126,FMI Garching BT08 4.OG,605,295,500,48.2625262025,48.2617861816,11.6685017928,11.6679682931,-15.7610714436,rf126.webp,Roomfinder
rf127,FMI Garching BT09 2.OG,605,295,500,48.2633349857,48.262596204,11.6679386367,11.6674037751,-10.3610203266,rf127.webp,Roomfinder
rf128,FMI Garching BT09 3.OG,605,295,500,48.2633349857,48.262596204,11.6679386367,11.6674037751,-10.3610203266,rf128.webp,Roomfinder
rf129,FMI Garching BT09 4. OG,605,335,500,48.2633568779,48.2626179929,11.6678197919,11.6671913675,-10.3610203266,rf129.webp,Roomfinder
rf130,FMI Garching BT10 2.OG,605,295,500,48.2626084903,48.2618684672,11.6680580096,11.6675245154,-15.7610714436,rf130.webp,Roomfinder
rf131,FMI Garching BT10 3.OG,605,295,500,48.2626084903,48.2618684672,11.6680580096,11.6675245154,-15.7610714436,rf131.webp,Roomfinder
rf132,FMI Garching BT10 4.OG,605,295,500,48.2626344585,48.2618988018,11.6679120436,11.6673769484,-15.7610714436,rf132.webp,Roomfinder
rf133,FMI Garching BT11 2.OG,605,295,500,48.2633791832,48.2626404816,11.6675829898,11.6670489655,-10.3610203266,rf133.webp,Roomfinder
rf134,FMI Garching BT11 3.OG,605,295,500,48.2633791832,48.2626404816,11.6675829898,11.6670489655,-10.3610203266,rf134.webp,Roomfinder
rf135,FMI Garching BT11 4.OG,605,295,500,48.2633791832,48.2626404816,11.6675829898,11.6670489655,-10.3610203266,rf135.webp,Roomfinder
rf136,FMI Garching BT12 2.OG,605,295,500,48.2626855408,48.2619455157,11.6676459574,11.6671124682,-15.7610714436,rf136.webp,Roomfinder
rf137,FMI Garching BT12 3.OG,605,295,500,48.2626855408,48.2619455157,11.6676459574,11.6671124682,-15.7610714436,rf137.webp,Roomfinder
rf138,FMI Garching BT12 4.OG,605,295,500,48.2626855408,48.2619455157,11.6676459574,11.6671124682,-15.7610714436,rf138.webp,Roomfinder
rf139,FMI Garching BT13 2.OG,605,295,500,48.263419054,48.2626803506,11.6672220567,11.6666880371,-10.3610203266,rf139.webp,Roomfinder
rf14,Thierschbau EG,298,386,1200,48.1488534693,48.1479510623,11.5673200711,11.5655599404,-22.9999992847,rf14.webp,Roomfinder
rf140,FMI Garching BT13 3.OG,605,295,500,48.263419054,48.2626803506,11.6672220567,11.6666880371,-10.3610203266,rf140.webp,Roomfinder
rf141,FMI Garching BT13 4.OG,605,295,500,48.263419054,48.2626803506,11.6672220567,11.6666880371,-10.3610203266,rf141.webp,Roomfinder
rf142,FMI Übersicht,461,639,2000,48.2634089827,48.2610602829,11.6701789257,11.6653451935,2.93098878501e-14,rf142.webp,Roomfinder
rf143,FMI Garching BT01 UG,156,650,1000,48.2627192914,48.2622974248,11.6694723397,11.6668895716,-10.3610203266,rf143.webp,Roomfinder
rf144,FMI Garching BT02 UG,487,399,500,48.2628024724,48.2622042567,11.669435922,11.6687126826,-10.3610203266,rf144.webp,Roomfinder
rf145,FMI Garching BT04 UG,605,295,500,48.2623922745,48.2616521234,11.6692351229,11.6687007967,-15.7610714436,rf145.webp,Roomfinder
rf146,FMI Garching BT05 UG,605,295,500,48.263223499,48.2624848036,11.6688626768,11.668328636,-10.3610203266,rf146.webp,Roomfinder
rf147,FMI Garching BT06 UG,605,295,500,48.2624491279,48.2617089752,11.6689180365,11.6683837143,-15.7610714436,rf147.webp,Roomfinder
rf148,FMI Garching BT07 UG,605,295,500,48.2632844342,48.2625457364,11.668369768,11.6678357335,-10.3610203266,rf148.webp,Roomfinder
rf149,FMI Garching BT08 UG,605,295,500,48.2625262025,48.2617861816,11.6685017928,11.6679682931,-15.7610714436,rf149.webp,Roomfinder
rf15,Thierschbau 1. OG,298,386,1200,48.1488534693,48.1479510623,11.5673200711,11.5655599404,-22.9999992847,rf15.webp,Roomfinder
rf150,FMI Garching BT09 UG,605,295,500,48.2633349857,48.262596204,11.6679386367,11.6674037751,-10.3610203266,rf150.webp,Roomfinder
rf151,FMI Garching BT10 UG,605,326,500,48.2626184682,48.2618788849,11.6680332685,11.6674458825,-15.7610714436,rf151.webp,Roomfinder
rf152,FMI Garching BT11 UG,605,295,500,48.2633791832,48.2626404816,11.6675829898,11.6670489655,-10.3610203266,rf152.webp,Roomfinder
rf153,FMI Garching BT12 UG,605,295,500,48.2626855408,48.2619455157,11.6676459574,11.6671124682,-15.7610714436,rf153.webp,Roomfinder
rf154,FMI Garching BT13 UG,605,295,500,48.263419054,48.2626803506,11.6672220567,11.6666880371,-10.3610203266,rf154.webp,Roomfinder
rf156,München und Umgebung,515,420,400000,48.4236128844,47.9253849801,11.8899909647,11.2907718746,2.93098878501e-14,rf156.webp,Roomfinder
rf16,Thierschbau 2. OG,298,386,1200,48.1488534693,48.1479510623,11.5673200711,11.5655599404,-22.9999992847,rf16.webp,Roomfinder
rf160,WZ Weihenstephan Übersicht,777,640,10000,48.4111924014,48.392920931,11.7371732652,11.7146561844,0.071879863739,rf160.webp,Roomfinder
rf161,WZ Weihenstephan Mitte,402,640,5000,48.403147203,48.3975866291,11.7282893506,11.7150603316,0.071879863739,rf161.webp,Roomfinder
rf162,WZ Weihenstephan Süd,373,600,5000,48.3982201509,48.3939509243,11.7327298515,11.7224550468,0.071879863739,rf162.webp,Roomfinder
rf163,Biologikum EG,456,395,500,48.4001076666,48.3995277648,11.721028659,11.7202745333,0.071879863739,rf163.webp,Roomfinder
rf164,Biologikum 1.OG,456,395,500,48.4001076666,48.3995277648,11.721028659,11.7202745333,0.071879863739,rf164.webp,Roomfinder
rf165,Biologikum 2.OG,456,395,500,48.4001076666,48.3995277648,11.721028659,11.7202745333,0.071879863739,rf165.webp,Roomfinder
rf166,Biologikum KG,456,395,500,48.4001076666,48.3995277648,11.721028659,11.7202745333,0.071879863739,rf166.webp,Roomfinder
rf167,Münchner Süden,633,387,500000,48.1593483872,47.75753844,11.6187586284,11.2541909508,2.93098878501e-14,rf167.webp,Roomfinder
rf168,Iffeldorf,560,665,10000,47.7857443638,47.7671729388,11.3460068752,11.313669305,-2.22812008858,rf168.webp,Roomfinder
rf17,Thierschbau Zwischengeschoss,298,386,1200,48.1488534693,48.1479510623,11.5673200711,11.5655599404,-22.9999992847,rf17.webp,Roomfinder
rf172,Physik II Garching EG,600,540,500,48.2682546583,48.2677054138,11.6760545435,11.6753165058,-10.3236849308,rf172.webp,Roomfinder
rf173,Physik II Garching 1.OG,600,540,500,48.2682546583,48.2677054138,11.6760545435,11.6753165058,-10.3236849308,rf173.webp,Roomfinder
rf174,Physik II Garching UG,600,540,500,48.2682546583,48.2677054138,11.6760545435,11.6753165058,-10.3236849308,rf174.webp,Roomfinder
rf175,Physik I Garching EG,562,799,1000,48.2676205702,48.266589137,11.6769769968,11.6747920203,-10.3236849308,rf175.webp,Roomfinder
rf176,Physik I Garching 1.OG,562,799,1000,48.2676205702,48.266589137,11.6769769968,11.6747920203,-10.3236849308,rf176.webp,Roomfinder
rf177,Physik I Garching 2.OG,562,799,1000,48.2676205702,48.266589137,11.6769769968,11.6747920203,-10.3236849308,rf177.webp,Roomfinder
rf178,Physik I Garching 1.UG,562,799,1000,48.2676205702,48.266589137,11.6769769968,11.6747920203,-10.3236849308,rf178.webp,Roomfinder
rf179,Physik I Garching 2.UG,562,799,1000,48.2676205702,48.266589137,11.6769769968,11.6747920203,-10.3236849308,rf179.webp,Roomfinder
rf18,Thierschbau 3. OG,298,386,1200,48.1488534693,48.1479510623,11.5673200711,11.5655599404,-22.9999992847,rf18.webp,Roomfinder
rf180,Olympiapark ZHS,891,1044,5000,48.1864461042,48.1755572904,11.5588942531,11.5398047118,0.031879901886,rf180.webp,Roomfinder
rf181,Uptown München,450,640,2000,48.1782601496,48.1761148038,11.535343736,11.5307679062,0.0618798732757,rf181.webp,Roomfinder
rf182,Garching b. München 35-39 Lageplan,565,800,1000,48.2505288537,48.248807691,11.6360655469,11.6324490247,2.93098878501e-14,rf182.webp,Roomfinder
rf183,Garching b. München 35-39 3.OG,550,600,500,48.2499729904,48.2489788749,11.6347192408,11.6331103213,-2.22812008858,rf183.webp,Roomfinder
rf184,Garching b. München 35-39 2.OG,550,600,500,48.2499729904,48.2489788749,11.6347192408,11.6331103213,-2.22812008858,rf184.webp,Roomfinder
rf185,Garching b. München 35-39 1.OG,550,600,500,48.2499729904,48.2489788749,11.6347192408,11.6331103213,-2.22812008858,rf185.webp,Roomfinder
rf186,Garching b. München 35-39 EG,550,600,500,48.2499729904,48.2489788749,11.6347192408,11.6331103213,-2.22812008858,rf186.webp,Roomfinder
rf187,Garching b. München 11-13 Lageplan,525,600,1000,48.2531561456,48.2511313302,11.6366131172,11.6331832432,-2.22812008858,rf187.webp,Roomfinder
rf188,Garching b. München Parkring 11-13 2.OG,322,640,500,48.2526663796,48.2522228415,11.6357710021,11.63446716,-14.0281202793,rf188.webp,Roomfinder
rf189,Garching b. München Parkring 11-13 3.OG,322,640,500,48.2526663796,48.2522228415,11.6357710021,11.63446716,-14.0281202793,rf189.webp,Roomfinder
rf19,Thierschbau 4. OG,298,386,1200,48.1488534693,48.1479510623,11.5673200711,11.5655599404,-22.9999992847,rf19.webp,Roomfinder
rf190,Marsstr. 20-22 / 1.OG,640,376,500,48.1444873044,48.1435257549,11.5585966027,11.5577677171,-26.5281193256,rf190.webp,Roomfinder
rf191,Marsstr. 20-22 / 6.OG,640,376,500,48.1444873044,48.1435257549,11.5585966027,11.5577677171,-26.5281193256,rf191.webp,Roomfinder
rf192,Marsstr. 20-22 Lageplan,420,600,1000,48.1445487785,48.1430002209,11.5601417728,11.5568574529,-1.12812006474,rf192.webp,Roomfinder
rf193,(Z5) Wirtschaftswissenschaften EG,800,481,500,48.150291852,48.1493298961,11.5673500585,11.5664982768,-22.9999992847,rf193.webp,Roomfinder
rf194,(Z5) Wirtschaftswissenschaften ZG,800,481,500,48.150291852,48.1493298961,11.5673500585,11.5664982768,-22.9999992847,rf194.webp,Roomfinder
rf195,(Z5) Wirtschaftswissenschaften 1. OG,800,481,500,48.150291852,48.1493298961,11.5673500585,11.5664982768,-22.9999992847,rf195.webp,Roomfinder
rf196,(Z5) Wirtschaftswissenschaften 2. OG,800,481,500,48.150291852,48.1493298961,11.5673500585,11.5664982768,-22.9999992847,rf196.webp,Roomfinder
rf197,(Z5) Wirtschaftswissenschaften 3. OG,800,481,500,48.150291852,48.1493298961,11.5673500585,11.5664982768,-22.9999992847,rf197.webp,Roomfinder
rf198,(Z5) Wirtschaftswissenschaften DG,800,481,500,48.150291852,48.1493298961,11.5673500585,11.5664982768,-22.9999992847,rf198.webp,Roomfinder
rf199,(Z5) Wirtschaftswissenschaften UG,800,481,500,48.150291852,48.1493298961,11.5673500585,11.5664982768,-22.9999992847,rf199.webp,Roomfinder
rf20,Thierschbau 5. OG,298,386,1200,48.1488534693,48.1479510623,11.5673200711,11.5655599404,-22.9999992847,rf20.webp,Roomfinder
rf201,Karlstraße 45-47 Lageplan,520,640,1000,48.1452075122,48.1437805196,11.5619462198,11.5593218037,-0.0281200408936,rf201.webp,Roomfinder
rf202,Karlstraße 45-47 UG,516,800,500,48.1446912515,48.1443250181,11.5612225337,11.5603939011,-24.4281208515,rf202.webp,Roomfinder
rf203,Karlstraße 45-47 EG,516,800,500,48.1446912515,48.1443250181,11.5612225337,11.5603939011,-24.4281208515,rf203.webp,Roomfinder
rf204,Karlstraße 45-47 1.OG,516,800,500,48.1446912515,48.1443250181,11.5612225337,11.5603939011,-24.4281208515,rf204.webp,Roomfinder
rf205,Karlstraße 45-47 2.OG,516,800,500,48.1446912515,48.1443250181,11.5612225337,11.5603939011,-24.4281208515,rf205.webp,Roomfinder
rf206,Karlstraße 45-47 3.OG,516,800,500,48.1446912515,48.1443250181,11.5612225337,11.5603939011,-24.4281208515,rf206.webp,Roomfinder
rf207,Karlstraße 45-47 4.OG,516,800,500,48.1446912515,48.1443250181,11.5612225337,11.5603939011,-24.4281208515,rf207.webp,Roomfinder
rf208,Karlstraße 45-47 5.OG,516,800,500,48.1446912515,48.1443250181,11.5612225337,11.5603939011,-24.4281208515,rf208.webp,Roomfinder
rf209,Karlstraße 45-47 DG,516,800,500,48.1446912515,48.1443250181,11.5612225337,11.5603939011,-24.4281208515,rf209.webp,Roomfinder
rf20,Thierschbau 6. OG,298,386,1200,48.1488534693,48.1479510623,11.5673200711,11.5655599404,-22.9999992847,rf20.webp,Roomfinder
rf210,01-05-0502 Zentralgebäude 2 EG,540,720,500,48.1484752532,48.1477974964,11.5682370375,11.5668979868,-23.69912076,rf210.webp,Roomfinder
rf211,01-05-0502 Zentralgebäude 2 UG,540,720,500,48.1484752532,48.1477974964,11.5682370375,11.5668979868,-23.69912076,rf211.webp,Roomfinder
rf212,01-05-0502 Zentralgebäude 2 ZG,540,720,500,48.1484752532,48.1477974964,11.5682370375,11.5668979868,-23.69912076,rf212.webp,Roomfinder
rf213,01-05-0502 Zentralgebäude 2 1.OG,540,720,500,48.1484752532,48.1477974964,11.5682370375,11.5668979868,-23.69912076,rf213.webp,Roomfinder
rf214,01-05-0502 Zentralgebäude 2 2.OG,540,720,500,48.1484752532,48.1477974964,11.5682370375,11.5668979868,-23.69912076,rf214.webp,Roomfinder
rf215,01-05-0502 Zentralgebäude 2 3.OG,540,720,500,48.1484752532,48.1477974964,11.5682370375,11.5668979868,-23.69912076,rf215.webp,Roomfinder
rf216,01-05-0502 Zentralgebäude 2 DG,540,720,500,48.1484752532,48.1477974964,11.5682370375,11.5668979868,-23.69912076,rf216.webp,Roomfinder
rf20,Thierschbau 7. OG,298,386,1200,48.1488534693,48.1479510623,11.5673200711,11.5655599404,-22.9999992847,rf20.webp,Roomfinder
rf228,01-05-0502 Zentralgebäude 7 EG,540,720,500,48.1498640994,48.1491851192,11.5691283808,11.5677906796,-23.7781193256,rf228.webp,Roomfinder
rf229,01-05-0502 Zentralgebäude 7 1.OG,540,720,500,48.1498640994,48.1491851192,11.5691283808,11.5677906796,-23.7781193256,rf229.webp,Roomfinder
rf230,01-05-0502 Zentralgebäude 7 2.OG,540,720,500,48.1498640994,48.1491851192,11.5691283808,11.5677906796,-23.7781193256,rf230.webp,Roomfinder
rf231,01-05-0502 Zentralgebäude 7 3.OG,540,720,500,48.1498640994,48.1491851192,11.5691283808,11.5677906796,-23.7781193256,rf231.webp,Roomfinder
rf232,01-05-0502 Zentralgebäude 7 1.UG,540,720,500,48.1498640994,48.1491851192,11.5691283808,11.5677906796,-23.7781193256,rf232.webp,Roomfinder
rf233,01-05-0502 Zentralgebäude 7 2.UG,540,720,500,48.1498640994,48.1491851192,11.5691283808,11.5677906796,-23.7781193256,rf233.webp,Roomfinder
rf235,01-05-0504 Landwirtschaftsbau EG,737,320,500,48.1495444673,48.1487990562,11.5665716582,11.5660918367,-24.3371193409,rf235.webp,Roomfinder
rf236,01-05-0504 Landwirtschaftsbau 1.OG,737,320,500,48.1495444673,48.1487990562,11.5665716582,11.5660918367,-24.3371193409,rf236.webp,Roomfinder
rf237,01-05-0504 Landwirtschaftsbau 2.OG,737,320,500,48.1495444673,48.1487990562,11.5665716582,11.5660918367,-24.3371193409,rf237.webp,Roomfinder
rf238,01-05-0504 Landwirtschaftsbau 3.OG,737,320,500,48.1495444673,48.1487990562,11.5665716582,11.5660918367,-24.3371193409,rf238.webp,Roomfinder
rf239,01-05-0504 Landwirtschaftsbau 1.UG,737,320,500,48.1495444673,48.1487990562,11.5665716582,11.5660918367,-24.3371193409,rf239.webp,Roomfinder
rf240,01-05-0504 Landwirtschaftsbau 2.UG,737,320,500,48.1495444673,48.1487990562,11.5665716582,11.5660918367,-24.3371193409,rf240.webp,Roomfinder
rf241,01-05-0506 Theresianum EG,230,595,500,48.1500714334,48.1497855694,11.568340325,11.5672610113,-23.8381206989,rf241.webp,Roomfinder
rf242,01-05-0506 Theresianum ZG,230,595,500,48.1500714334,48.1497855694,11.568340325,11.5672610113,-23.8381206989,rf242.webp,Roomfinder
rf243,01-05-0506 Theresianum 1. OG,230,595,500,48.1500714334,48.1497855694,11.568340325,11.5672610113,-23.8381206989,rf243.webp,Roomfinder
rf244,01-05-0506 Theresianum 2. OG,230,595,500,48.1500714334,48.1497855694,11.568340325,11.5672610113,-23.8381206989,rf244.webp,Roomfinder
rf245,01-05-0506 Theresianum 3. OG,230,595,500,48.1500714334,48.1497855694,11.568340325,11.5672610113,-23.8381206989,rf245.webp,Roomfinder
rf246,01-05-0506 Theresianum DG,230,595,500,48.1500714334,48.1497855694,11.568340325,11.5672610113,-23.8381206989,rf246.webp,Roomfinder
rf247,01-05-0506 Theresianum  UG,230,595,500,48.1500714334,48.1497855694,11.568340325,11.5672610113,-23.8381206989,rf247.webp,Roomfinder
rf248,Wissenschaftszentrum Straubing Lageplan,788,635,5000,48.8870099226,48.8832692929,12.5848936007,12.5809470445,-4.42812013626,rf248.webp,Roomfinder
rf25,Neubau Innenhof EG,500,297,1000,48.1498358873,48.1486144129,11.5677004126,11.5666273052,-22.9999992847,rf25.webp,Roomfinder
rf26,Neubau Innenhof ZG,500,297,1000,48.1498358873,48.1486144129,11.5677004126,11.5666273052,-22.9999992847,rf26.webp,Roomfinder
rf27,Neubau Innenhof 1. OG,500,297,1000,48.1498358873,48.1486144129,11.5677004126,11.5666273052,-22.9999992847,rf27.webp,Roomfinder
rf28,Neubau Innenhof 2. OG,500,297,1000,48.1498358873,48.1486144129,11.5677004126,11.5666273052,-22.9999992847,rf28.webp,Roomfinder
rf29,Neubau Innenhof 3. OG,500,297,1000,48.1498358873,48.1486144129,11.5677004126,11.5666273052,-22.9999992847,rf29.webp,Roomfinder
rf30,Neubau Innenhof 1.UG,500,297,1000,48.1498358873,48.1486144129,11.5677004126,11.5666273052,-22.9999992847,rf30.webp,Roomfinder
rf31,Neubau Innenhof 2. UG,500,297,1000,48.1498358873,48.1486144129,11.5677004126,11.5666273052,-22.9999992847,rf31.webp,Roomfinder
rf32,Neubau Innenhof 4. OG,500,297,1000,48.1498358873,48.1486144129,11.5677004126,11.5666273052,-22.9999992847,rf32.webp,Roomfinder
rf33,Verwaltungsbau EG,370,481,500,48.1489736637,48.1485225002,11.5687140587,11.5678434088,-22.9999992847,rf33.webp,Roomfinder
rf34,Verwaltungsbau ZG,370,481,500,48.1489736637,48.1485225002,11.5687140587,11.5678434088,-22.9999992847,rf34.webp,Roomfinder
rf35,Verwaltungsbau 1. OG,370,481,500,48.1489736637,48.1485225002,11.5687140587,11.5678434088,-22.9999992847,rf35.webp,Roomfinder
rf36,Verwaltungsbau 2. OG,370,481,500,48.1489736637,48.1485225002,11.5687140587,11.5678434088,-22.9999992847,rf36.webp,Roomfinder
rf37,Verwaltungsbau 3. OG,370,481,500,48.1489736637,48.1485225002,11.5687140587,11.5678434088,-22.9999992847,rf37.webp,Roomfinder
rf38,Verwaltungsbau 1. UG,370,481,500,48.1489736637,48.1485225002,11.5687140587,11.5678434088,-22.9999992847,rf38.webp,Roomfinder
rf39,Elektrophysik EG,517,370,500,48.1512033,48.1505690113,11.5688656008,11.5682003557,-22.9999992847,rf39.webp,Roomfinder
rf40,Elektrophysik 1. OG,517,370,500,48.1512033,48.1505690113,11.5688656008,11.5682003557,-22.9999992847,rf40.webp,Roomfinder
rf41,Elektrophysik 2. OG,517,370,500,48.1512033,48.1505690113,11.5688656008,11.5682003557,-22.9999992847,rf41.webp,Roomfinder
rf42,Elektrophysik 3. OG,517,370,500,48.1512033,48.1505690113,11.5688656008,11.5682003557,-22.9999992847,rf42.webp,Roomfinder
rf43,Elektrophysik 4. OG,517,370,500,48.1512033,48.1505690113,11.5688656008,11.5682003557,-22.9999992847,rf43.webp,Roomfinder
rf44,Elektrophysik 5. OG,517,370,500,48.1512033,48.1505690113,11.5688656008,11.5682003557,-22.9999992847,rf44.webp,Roomfinder
rf45,Elektrophysik 1. UG,517,370,500,48.1512033,48.1505690113,11.5688656008,11.5682003557,-22.9999992847,rf45.webp,Roomfinder
rf46,Gebäude N3 1. UG,454,374,500,48.1514027032,48.1506360161,11.5681741413,11.5672386137,-22.9999992847,rf46.webp,Roomfinder
rf47,Gebäude N3 EG,454,374,500,48.1514027032,48.1506360161,11.5681741413,11.5672386137,-22.9999992847,rf47.webp,Roomfinder
rf48,Gebäude N3 1. OG,454,374,500,48.1514027032,48.1506360161,11.5681741413,11.5672386137,-22.9999992847,rf48.webp,Roomfinder
rf49,Gebäude N3 2. OG,454,374,500,48.1514027032,48.1506360161,11.5681741413,11.5672386137,-22.9999992847,rf49.webp,Roomfinder
rf50,Gebäude N3 3. OG,454,374,500,48.1514027032,48.1506360161,11.5681741413,11.5672386137,-22.9999992847,rf50.webp,Roomfinder
rf51,Gebäude N3 4. OG,454,374,500,48.1514027032,48.1506360161,11.5681741413,11.5672386137,-22.9999992847,rf51.webp,Roomfinder
rf52,Gebäude N3 5. OG,454,374,500,48.1514027032,48.1506360161,11.5681741413,11.5672386137,-22.9999992847,rf52.webp,Roomfinder
rf53,Gebäude N3 6. OG,454,374,500,48.1514027032,48.1506360161,11.5681741413,11.5672386137,-22.9999992847,rf53.webp,Roomfinder
rf54,München,603,640,200000,48.2770909284,48.0223527366,11.7936101916,11.388442136,0.19987988472,rf54.webp,Roomfinder
rf57,Hochvolthaus KG,454,398,500,48.1508650881,48.1501420203,11.5678012399,11.5668666962,-22.9999992847,rf57.webp,Roomfinder
rf58,Hochvolthaus EG,454,398,500,48.1508650881,48.1501420203,11.5678012399,11.5668666962,-22.9999992847,rf58.webp,Roomfinder
rf59,Hochvolthaus ZG,454,398,500,48.1508650881,48.1501420203,11.5678012399,11.5668666962,-22.9999992847,rf59.webp,Roomfinder
rf60,Hochvolthaus 1.OG,454,398,500,48.1508650881,48.1501420203,11.5678012399,11.5668666962,-22.9999992847,rf60.webp,Roomfinder
rf61,Hochvolthaus 2.OG,454,398,500,48.1508650881,48.1501420203,11.5678012399,11.5668666962,-22.9999992847,rf61.webp,Roomfinder
rf62,Hochvolthaus 3.OG,454,398,500,48.1508650881,48.1501420203,11.5678012399,11.5668666962,-22.9999992847,rf62.webp,Roomfinder
rf63,Hochvolthaus 4.OG,454,398,500,48.1508650881,48.1501420203,11.5678012399,11.5668666962,-22.9999992847,rf63.webp,Roomfinder
rf64,Hochvolthaus 5.OG,454,398,500,48.1508650881,48.1501420203,11.5678012399,11.5668666962,-22.9999992847,rf64.webp,Roomfinder
rf65,U-Trakt UG,443,525,500,48.1508102642,48.1498683634,11.5691673501,11.5675154129,-22.9999992847,rf65.webp,Roomfinder
rf66,U-Trakt EG,443,525,500,48.1508102642,48.1498683634,11.5691673501,11.5675154129,-22.9999992847,rf66.webp,Roomfinder
rf67,U-Trakt ZG,443,525,500,48.1508102642,48.1498683634,11.5691673501,11.5675154129,-22.9999992847,rf67.webp,Roomfinder
rf68,U-Trakt 1. OG,443,525,500,48.1508102642,48.1498683634,11.5691673501,11.5675154129,-22.9999992847,rf68.webp,Roomfinder
rf69,U-Trakt 2. OG,443,525,500,48.1508102642,48.1498683634,11.5691673501,11.5675154129,-22.9999992847,rf69.webp,Roomfinder
rf70,U-Trakt 3. OG,443,525,500,48.1508102642,48.1498683634,11.5691673501,11.5675154129,-22.9999992847,rf70.webp,Roomfinder
rf71,Neubau E-Technik UG,472,327,500,48.1510523204,48.1504507911,11.5694264986,11.5688134899,-22.9999992847,rf71.webp,Roomfinder
rf72,Neubau E-Technik EG,472,327,500,48.1510523204,48.1504507911,11.5694264986,11.5688134899,-22.9999992847,rf72.webp,Roomfinder
rf73,Neubau E-Technik 1.OG,472,327,500,48.1510523204,48.1504507911,11.5694264986,11.5688134899,-22.9999992847,rf73.webp,Roomfinder
rf74,Neubau E-Technik 2.OG,472,327,500,48.1510523204,48.1504507911,11.5694264986,11.5688134899,-22.9999992847,rf74.webp,Roomfinder
rf75,Neubau E-Technik 3.OG,472,327,500,48.1510523204,48.1504507911,11.5694264986,11.5688134899,-22.9999992847,rf75.webp,Roomfinder
rf76,Neubau E-Technik 4.OG,472,327,500,48.1510523204,48.1504507911,11.5694264986,11.5688134899,-22.9999992847,rf76.webp,Roomfinder
rf77,Neubau E-Technik 5.OG,472,327,500,48.1510523204,48.1504507911,11.5694264986,11.5688134899,-22.9999992847,rf77.webp,Roomfinder
rf78,Neubau E-Technik 6.OG,472,327,500,48.1510523204,48.1504507911,11.5694264986,11.5688134899,-22.9999992847,rf78.webp,Roomfinder
rf79,Neubau E-Technik 7.OG,472,327,500,48.1510523204,48.1504507911,11.5694264986,11.5688134899,-22.9999992847,rf79.webp,Roomfinder
rf80,Lageplan Campus Garching,480,676,10000,48.2709215782,48.258723721,11.6817977201,11.6562831601,2.93098878501e-14,rf80.webp,Roomfinder
rf81,RiWa EG,399,416,500,48.1486603624,48.1482526544,11.5645265314,11.5638991142,-22.9999992847,rf81.webp,Roomfinder
rf82,RiWa 1.OG,399,416,500,48.1486603624,48.1482526544,11.5645265314,11.5638991142,-22.9999992847,rf82.webp,Roomfinder
rf83,RiWa 2.OG,399,416,500,48.1486603624,48.1482526544,11.5645265314,11.5638991142,-22.9999992847,rf83.webp,Roomfinder
rf84,RiWa 3.OG,399,416,500,48.1486603624,48.1482526544,11.5645265314,11.5638991142,-22.9999992847,rf84.webp,Roomfinder
rf85,RiWa 4.OG,399,416,500,48.1486603624,48.1482526544,11.5645265314,11.5638991142,-22.9999992847,rf85.webp,Roomfinder
rf86,FMI Garching BT01 EG,487,399,500,48.2628024724,48.2622042567,11.669435922,11.6687126826,-10.3610203266,rf86.webp,Roomfinder
rf86,FMI Garching BT02 EG,487,399,500,48.2628024724,48.2622042567,11.669435922,11.6687126826,-10.3610203266,rf86.webp,Roomfinder
rf88,FMI Garching BT03 EG,406,413,500,48.2627276996,48.2622312904,11.6672805281,11.6665297717,-10.3610203266,rf88.webp,Roomfinder
rf89,FMI Garching BT07 EG,605,295,500,48.2632793351,48.2625406375,11.668395612,11.6678615773,-10.3610203266,rf89.webp,Roomfinder
rf90,FMI Garching BT09 EG,605,324,500,48.2633375443,48.2625981388,11.6679650598,11.6673775864,-10.3610203266,rf90.webp,Roomfinder
rf91,FMI Garching BT11 EG,605,295,500,48.2633791832,48.2626404816,11.6675829898,11.6670489655,-10.3610203266,rf91.webp,Roomfinder
rf92,FMI Garching BT13 EG,605,295,500,48.263419054,48.2626803506,11.6672220567,11.6666880371,-10.3610203266,rf92.webp,Roomfinder
rf93,FMI Garching BT05 EG,605,295,500,48.263223499,48.2624848036,11.6688626768,11.668328636,-10.3610203266,rf93.webp,Roomfinder
rf94,FMI Garching BT04 EG,605,295,500,48.2623922745,48.2616521234,11.6692351229,11.6687007967,-15.7610714436,rf94.webp,Roomfinder
rf95,FMI Garching BT06 EG,605,318,500,48.2624632522,48.2617256799,11.6688558645,11.6682807315,-15.7610714436,rf95.webp,Roomfinder
rf96,FMI Garching BT08 EG,605,295,500,48.2625262025,48.2617861816,11.6685017928,11.6679682931,-15.7610714436,rf96.webp,Roomfinder
rf97,FMI Garching BT10 EG,605,295,500,48.2626084903,48.2618684672,11.6680580096,11.6675245154,-15.7610714436,rf97.webp,Roomfinder
rf98,FMI Garching BT12 EG,605,295,500,48.2626855408,48.2619455157,11.6676459574,11.6671124682,-15.7610714436,rf98.webp,Roomfinder
rf99,FMI Garching BT03 1.OG,406,413,500,48.2627276996,48.2622312904,11.6672805281,11.6665297717,-10.3610203266,rf99.webp,Roomfinder
